사업장명,인허가일자,상세영업상태명,소재지전화,도로명주소,지번주소,위도,경도,약국영업면적,데이터기준일자
21세기건강약국,2008-12-02,영업중,063-251-0671,전라북도 전주시 덕진구 송천중앙로 39 (덕진동2가),전라북도 전주시 덕진구 덕진동2가 168-4,35.85064821,127.119542,60,2022-06-30
21세기종합약국,1994-09-09,영업중,063-274-4949,전라북도 전주시 덕진구 기린대로 400-8 (금암동),전라북도 전주시 덕진구 금암동 720-35,35.83802026,127.1328375,33.25,2022-06-30
365일박사약국,2020-08-31,영업중,,"전라북도 전주시 덕진구 기지로 77, 302동 A-113호 (장동, 전북혁신도시 더 M city 센텀)",전라북도 전주시 덕진구 장동 1111,35.83897655,127.0599118,45.6,2022-06-30
가나약국,2017-09-01,영업중,063-226-4488,전라북도 전주시 완산구 한두평3길 14 (중화산동2가),전라북도 전주시 완산구 중화산동2가 661,35.81467177,127.1242649,0,2022-06-30
감초당약국,1983-04-06,영업중,,전라북도 전주시 완산구 전라감영2길 17 (다가동1가),전라북도 전주시 완산구 다가동1가 44-5,35.81548832,127.1419152,0,2022-06-30
강림약국,2004-08-26,영업중,063-241-8434,전라북도 전주시 덕진구 우아3길 22 (우아동3가),전라북도 전주시 덕진구 우아동3가 730-6,35.84860884,127.1545581,0,2022-06-30
강약국,2019-08-07,영업중,,"전라북도 전주시 덕진구 솔내로 184, 106호 (송천동2가)",전라북도 전주시 덕진구 송천동2가 220-8,35.86633561,127.1274432,56.8,2022-06-30
건강나라약국,2003-10-17,영업중,,전라북도 전주시 완산구 유연로 277 (서신동),전라북도 전주시 완산구 서신동 856-4,35.82556874,127.1160415,0,2022-06-30
건강사랑모래내수약국,2006-03-03,영업중,063-251-5161,전라북도 전주시 덕진구 안덕원로 153 (인후동2가),전라북도 전주시 덕진구 인후동2가 236-165,35.83307051,127.1448844,0,2022-06-30
건강솔약국,2009-10-12,영업중,063-908-8063,전라북도 전주시 덕진구 사평로 38 (덕진동1가),전라북도 전주시 덕진구 덕진동1가 1408-5,35.84086924,127.1212266,49,2022-06-30
건강약국,2015-09-01,영업중,063-286-6220,"전라북도 전주시 완산구 장승배기로 262, 주공A 상가동 105호 (평화동1가, 김혜영소아과)",전라북도 전주시 완산구 평화동1가 445-10,35.79813951,127.1408952,37.76,2022-06-30
건강전주프라자약국,2000-07-28,영업중,,전라북도 전주시 덕진구 백제대로 671 (금암동),전라북도 전주시 덕진구 금암동 1593-4,35.84404313,127.1426349,0,2022-06-30
건강종합약국,2000-06-16,영업중,063-242-4504,전라북도 전주시 덕진구 소리로 192 (호성동1가),전라북도 전주시 덕진구 호성동1가 794-8,35.85788922,127.1530252,0,2022-06-30
건강한약국,2022-01-04,영업중,,"전라북도 전주시 덕진구 송천중앙로 225, 파인트리몰 320호 (송천동2가)",전라북도 전주시 덕진구 송천동2가 1422,35.86704342,127.1209207,20.4,2022-06-30
건강한약국,2005-02-28,영업중,063-229-2227,전라북도 전주시 완산구 소대배기로 5 (평화동2가),전라북도 전주시 완산구 평화동2가 302-11,35.78766758,127.1309752,0,2022-06-30
경기약국,2015-03-02,영업중,063-285-3984,전라북도 전주시 완산구 팔달로 252 (서노송동),전라북도 전주시 완산구 서노송동 632-3,35.82468395,127.1447252,0,2022-06-30
경인당약국,2015-09-01,영업중,063-225-8255,"전라북도 전주시 완산구 장승배기로 48 (삼천동1가, 삼천동 두일하나아파트 상가)",전라북도 전주시 완산구 삼천동1가 306-8,35.79227028,127.118431,37.53,2022-06-30
고려약국,1969-12-30,영업중,063-284-5767,전라북도 전주시 완산구 팔달로 196 (경원동3가),전라북도 전주시 완산구 경원동3가 56-4,35.81986294,127.1466575,0,2022-06-30
고약국,1978-10-19,영업중,063-211-0706,전라북도 전주시 덕진구 기린대로 694 (팔복동1가),전라북도 전주시 덕진구 팔복동1가 139-28,35.85351375,127.1058956,0,2022-06-30
고운약국,2022-05-26,영업중,,전라북도 전주시 완산구 홍산로 245(효자동2가),전라북도 전주시 완산구 효자동2가 1244-1,35.8155397,127.1054794,102,2022-06-30
관우약국,2006-01-20,영업중,063-271-2049,전라북도 전주시 덕진구 송천중앙로 173 (송천동1가),전라북도 전주시 덕진구 송천동1가 486-34,35.86238658,127.1212732,0,2022-06-30
관통약국,2002-01-02,영업중,063-284-3916,전라북도 전주시 완산구 팔달로 181 (경원동1가),전라북도 전주시 완산구 경원동1가 73-1,35.8186725,127.1466295,0,2022-06-30
광장약국,2006-02-27,영업중,063-253-7800,전라북도 전주시 덕진구 덕진광장로 1-5 (덕진동1가),전라북도 전주시 덕진구 덕진동1가 1279-21,35.84430575,127.1237734,0,2022-06-30
광혜당약국,2014-07-04,영업중,063-227-0073,"전라북도 전주시 완산구 효자천변2길 7, 101호 (효자동1가)",전라북도 전주시 완산구 효자동1가 454-4,35.80544999,127.1139624,81.2,2022-06-30
국민약국,2021-11-18,영업중,063-212-7478,"전라북도 전주시 덕진구 혁신로 697, 드림프라자 106호 (반월동)",전라북도 전주시 덕진구 반월동 236-3,35.8741267,127.0745609,58.5,2022-06-30
국보약국,2008-02-27,영업중,063-228-5325,전라북도 전주시 완산구 백제대로 140 (효자동1가),전라북도 전주시 완산구 효자동1가 173-8,35.80543226,127.1238722,0,2022-06-30
금강약국,2008-10-06,영업중,063-211-9619,전라북도 전주시 덕진구 쪽구름로 109 (반월동),전라북도 전주시 덕진구 반월동 243-5,35.87375783,127.0733716,0,2022-06-30
금오당약국,1998-03-12,영업중,063-231-2728,전라북도 전주시 완산구 충경로 97-1 (경원동3가),전라북도 전주시 완산구 경원동3가 80-17,35.81953989,127.1496135,28.1,2022-06-30
기린봉약국,1993-05-11,영업중,063-282-7587,전라북도 전주시 완산구 견훤로 100-7 (중노송동),전라북도 전주시 완산구 중노송동 13-20,35.82100801,127.1616762,0,2022-06-30
기린약국,2020-07-17,영업중,,"전라북도 전주시 완산구 효천중앙로 22, A동 105호 (효자동2가)",전라북도 전주시 완산구 효자동2가 1383-2,35.79850522,127.1044318,81.9,2022-06-30
길약국,2003-08-12,영업중,063-214-3663,전라북도 전주시 덕진구 쪽구름로 63 (여의동),전라북도 전주시 덕진구 여의동 582-16,35.87096805,127.0763263,0,2022-06-30
나을약국,2022-04-25,영업중,063-278-6878,"전라북도 전주시 완산구 서학로 37, 1층 (동서학동)",전라북도 전주시 완산구 동서학동 93-5,35.80966373,127.1535866,78.4,2022-06-30
남노약국,2000-11-22,영업중,063-288-0920,전라북도 전주시 완산구 관선1길 7 (남노송동),전라북도 전주시 완산구 남노송동 521-20,35.81969538,127.1544395,0,2022-06-30
남대문약국,1985-03-12,영업중,063-284-2106,전라북도 전주시 완산구 풍남문4길 3 (전동3가),전라북도 전주시 완산구 전동3가 144-8,35.81272022,127.1453578,0,2022-06-30
노송한약국,2004-10-08,영업중,063-255-7588,전라북도 전주시 완산구 메너머4길 25 (중화산동2가),전라북도 전주시 완산구 중화산동2가 737-1,35.824837,127.1200014,54.7,2022-06-30
녹십자약국,2000-06-30,영업중,063-227-8011,전라북도 전주시 완산구 용머리로 25-1 (효자동1가),전라북도 전주시 완산구 효자동1가 431-21,35.8061879,127.1133372,0,2022-06-30
누리빛약국,2017-02-27,영업중,,전라북도 전주시 완산구 백제대로 325 (중화산동2가),전라북도 전주시 완산구 중화산동2가 570-6,35.82229965,127.1223582,39.8,2022-06-30
늘사랑약국,2004-08-11,영업중,063-252-7755,전라북도 전주시 덕진구 건지로 9-2 (금암동),전라북도 전주시 덕진구 금암동 1594-11,35.84444292,127.1421813,153.6,2022-06-30
늘조은약국,2010-04-16,영업중,,전라북도 전주시 완산구 문학대4길 28 (효자동3가),전라북도 전주시 완산구 효자동3가 1618-2,35.82667199,127.1051541,46.44,2022-06-30
늘푸른솔약국,1997-11-06,영업중,063-271-7800,전라북도 전주시 덕진구 백제대로 660 (금암동),전라북도 전주시 덕진구 금암동 1588-6,35.84291317,127.1413858,0,2022-06-30
늘푸른약국,2016-03-02,영업중,063-226-2276,"전라북도 전주시 완산구 세내로 285 (효자동3가, 샘물아동병원)",전라북도 전주시 완산구 효자동3가 1542-1,35.81554866,127.1114225,133.3,2022-06-30
다나약국,2007-08-31,영업중,063-212-8424,"전라북도 전주시 덕진구 쪽구름로 120, 102호 (반월동, 그린프라자)",전라북도 전주시 덕진구 반월동 422-22,35.87416504,127.0721458,0,2022-06-30
다나은약국,2022-04-14,영업중,,"전라북도 전주시 덕진구 안덕원로 148, 1층 일부 (인후동2가)",전라북도 전주시 덕진구 인후동2가 261-2,35.83241394,127.1449627,66,2022-06-30
다범약국,2007-01-05,영업중,063-232-6968,전라북도 전주시 완산구 팔달로 104 (전동),전라북도 전주시 완산구 전동 227-3,35.8119344,127.1496268,0,2022-06-30
다사랑약국,2000-09-21,영업중,063-252-7654,전라북도 전주시 완산구 팔달로 281 (서노송동),전라북도 전주시 완산구 서노송동 651-28,35.82702573,127.1430359,0,2022-06-30
다솔약국,2013-05-20,영업중,063-229-9571,"전라북도 전주시 완산구 삼천천변1길 45, 1층 105호 (삼천동1가, 흥건2차아파트)",전라북도 전주시 완산구 삼천동1가 289-5,35.79572647,127.1152545,29.7,2022-06-30
다솜약국,2018-12-31,영업중,063-226-3343,전라북도 전주시 완산구 우전로 250 (효자동2가),전라북도 전주시 완산구 효자동2가 1234-1,35.81716408,127.1022014,95.85,2022-06-30
다연약국,2013-06-03,영업중,,전라북도 전주시 완산구 서원로 364 (중화산동1가),전라북도 전주시 완산구 중화산동1가 162-10,35.81360192,127.133632,42.5,2022-06-30
다온약국,2011-05-04,영업중,063-221-9100,전라북도 전주시 완산구 소대배기로 22 (평화동2가),전라북도 전주시 완산구 평화동2가 892-2,35.78691455,127.1326425,56,2022-06-30
다정약국,2008-01-18,영업중,063-251-0221,전라북도 전주시 완산구 서신로 107 (서신동),전라북도 전주시 완산구 서신동 963-4,35.83496666,127.1156268,0,2022-06-30
다정한약국,2017-08-16,영업중,,"전라북도 전주시 완산구 용머리로 31, 홈플러스 지하2층 (효자동1가)",전라북도 전주시 완산구 효자동1가 432-24,35.80657657,127.1142487,24.3,2022-06-30
대림약국,2003-06-02,영업중,063-251-5163,전라북도 전주시 덕진구 안덕원로 139 (진북동),전라북도 전주시 덕진구 진북동 336-21,35.83218909,127.1437557,0,2022-06-30
대상약국,2006-06-26,영업중,063-211-5782,전라북도 전주시 덕진구 쪽구름로 61 (여의동),전라북도 전주시 덕진구 여의동 581-3,35.8708299,127.0764546,0,2022-06-30
대성약국,1969-12-30,영업중,063-285-3276,전라북도 전주시 완산구 문화광장로 28-1 (서노송동),전라북도 전주시 완산구 서노송동 616-6,35.82303443,127.1469088,0,2022-06-30
대승약국,2000-08-21,영업중,063-221-5103,전라북도 전주시 완산구 장승배기로 194 (평화동1가),전라북도 전주시 완산구 평화동1가 709-1,35.79572763,127.133882,0,2022-06-30
대웅약국,2009-03-16,영업중,063-251-0282,전라북도 전주시 완산구 공북로 22 (태평동),전라북도 전주시 완산구 태평동 185-11,35.82517775,127.1342474,61,2022-06-30
대자연약국,2010-11-30,영업중,063-227-5508,전라북도 전주시 완산구 호암로 85 (효자동2가),전라북도 전주시 완산구 효자동2가 1318-4,35.80857706,127.1038567,86.49,2022-06-30
대지약국,1974-11-26,영업중,063-222-6909,전라북도 전주시 완산구 용머리로 189 (효자동1가),전라북도 전주시 완산구 효자동1가 157-27,35.80729115,127.1306456,0,2022-06-30
대학비타민약국,2008-03-05,영업중,063-274-0123,전라북도 전주시 덕진구 조경단로 113 (금암동),전라북도 전주시 덕진구 금암동 632-155,35.84420682,127.1381405,0,2022-06-30
대학약국,2008-01-02,영업중,063-253-7979,전라북도 전주시 덕진구 건지로 14-4 (금암동),전라북도 전주시 덕진구 금암동 1596-3,35.84498895,127.1430506,0,2022-06-30
대학종로약국,2012-08-23,영업중,063-274-5425,전라북도 전주시 덕진구 건지2길 15 (금암동),전라북도 전주시 덕진구 금암동 105-397,35.84465761,127.1410285,121,2022-06-30
대학중앙약국,2007-03-27,영업중,063-253-2530,전라북도 전주시 덕진구 건지로 14-2 (금암동),전라북도 전주시 덕진구 금암동 1596-29,35.84495314,127.1428485,0,2022-06-30
더건강약국,2020-02-19,영업중,,전라북도 전주시 완산구 효천중앙로 51 (효자동2가),전라북도 전주시 완산구 효자동2가 1377-3,35.79895232,127.1075191,46.9,2022-06-30
더나은약국,2021-01-22,영업중,063-904-0107,"전라북도 전주시 완산구 백제대로 264, 1층 102호 (중화산동2가)",전라북도 전주시 완산구 중화산동2가 651-3,35.81676534,127.1233548,69.96,2022-06-30
더웰약국,2019-08-09,영업중,063-227-5537,전라북도 전주시 완산구 거마평로 171-7 (효자동1가),전라북도 전주시 완산구 효자동1가 395-6,35.80819997,127.1154172,98.8,2022-06-30
더희망약국,2010-09-07,영업중,063-274-0882,전라북도 전주시 덕진구 건지로 10 (금암동),전라북도 전주시 덕진구 금암동 1596-21,35.84464039,127.1427843,111.02,2022-06-30
덕수약국,1969-12-30,영업중,063-252-0683,전라북도 전주시 덕진구 덕진광장로 8 (덕진동1가),전라북도 전주시 덕진구 덕진동1가 1276-1,35.84385519,127.1245833,0,2022-06-30
덕진종로약국,1999-07-06,영업중,063-273-6465,"전라북도 전주시 덕진구 기린대로 481 (덕진동1가, 동원타워)",전라북도 전주시 덕진구 덕진동1가 1267-1,35.84249409,127.1250394,0,2022-06-30
덕진큰사랑약국,1980-04-11,영업중,063-277-1405,전라북도 전주시 덕진구 기린대로 519 (덕진동1가),전라북도 전주시 덕진구 덕진동1가 1400-6,35.84479552,127.121981,0,2022-06-30
도담한약국,2008-07-03,영업중,,전라북도 전주시 완산구 봉곡로 115 (효자동2가),전라북도 전주시 완산구 효자동2가 1158-30,35.81110859,127.1064626,39.2,2022-06-30
독일약국,2019-06-17,영업중,063-275-0110,"전라북도 전주시 완산구 당산로 40, 예영교회 101호 (서신동)",전라북도 전주시 완산구 서신동 797-2,35.83201063,127.1126684,62.4,2022-06-30
돌봄약국,2020-04-17,영업중,063-228-5525,"전라북도 전주시 완산구 효자천변2길 13, 우림천주교회 (효자동1가)",전라북도 전주시 완산구 효자동1가 651,35.80490139,127.1142474,29.7,2022-06-30
동광약국,1969-12-30,영업중,063-252-3561,전라북도 전주시 완산구 문화광장로 9 (고사동),전라북도 전주시 완산구 고사동 2-5,35.82202168,127.1451324,0,2022-06-30
동산종로온누리약국,2011-01-21,영업중,063-211-3286,전라북도 전주시 덕진구 편운로 6 (동산동),전라북도 전주시 덕진구 동산동 701,35.87082881,127.0770367,114.54,2022-06-30
동산참조은약국,2006-04-06,영업중,,전라북도 전주시 덕진구 쪽구름로 74 (동산동),전라북도 전주시 덕진구 동산동 691-17,35.87196114,127.0764793,0,2022-06-30
동양당약국,2000-10-16,영업중,063-284-4788,전라북도 전주시 완산구 팔달로 103 (전동),전라북도 전주시 완산구 전동 223-4,35.81203784,127.149144,0,2022-06-30
동의보감한약국,2007-04-19,영업중,063-237-3114,전라북도 전주시 완산구 솟대로 11 (삼천동1가),전라북도 전주시 완산구 삼천동1가 694-2,35.79499841,127.1259624,0,2022-06-30
동화당한약국,2009-08-26,영업중,,전라북도 전주시 완산구 공북2길 15 (태평동),전라북도 전주시 완산구 태평동 249-1,35.8271165,127.1380919,42,2022-06-30
드림약국,2017-02-06,영업중,063-224-5151,전라북도 전주시 완산구 호암로 59 (효자동2가),전라북도 전주시 완산구 효자동2가 1317-1,35.80947212,127.1010871,60,2022-06-30
따뜻한약국,2022-04-04,영업중,,전라북도 전주시 완산구 백마산길 10(효자동3가),전라북도 전주시 완산구 효자동3가 1167-5,35.8180615,127.0919953,42.12,2022-06-30
라라약국,2015-07-20,영업중,063-231-2828,"전라북도 전주시 덕진구 기린대로 477, CS빌딩 102호 (덕진동1가)",전라북도 전주시 덕진구 덕진동1가 1267-10,35.84208412,127.1252858,88.11,2022-06-30
레몬약국,2021-03-10,영업중,063-277-0033,"전라북도 전주시 덕진구 기린대로 465, 3층 304호 (덕진동1가)",전라북도 전주시 덕진구 덕진동1가 1267-22,35.84151355,127.1263028,59.25,2022-06-30
리더스종합약국,2018-11-26,영업중,063-253-3210,"전라북도 전주시 완산구 온고을로 62, 1층 (서신동)",전라북도 전주시 완산구 서신동 965-1,35.83423622,127.1161487,93,2022-06-30
마더온누리약국,1991-01-21,영업중,063-244-1011,전라북도 전주시 완산구 서원로 66 (효자동2가),전라북도 전주시 완산구 효자동2가 1246-14,35.81338944,127.1016381,66.42,2022-06-30
마더힐링약국,2019-01-29,영업중,063-214-0088,"전라북도 전주시 덕진구 세병로 178-4, 103호 (송천동2가)",전라북도 전주시 덕진구 송천동2가 1299-9,35.87902725,127.1332324,42.84,2022-06-30
마이약국,1973-03-16,영업중,063-221-3597,전라북도 전주시 완산구 거마평로 16 (삼천동1가),전라북도 전주시 완산구 삼천동1가 669,35.79375286,127.1170495,0,2022-06-30
맑은약국,2020-01-22,영업중,063-288-0786,전라북도 전주시 완산구 서원로 350 (중화산동1가),전라북도 전주시 완산구 중화산동1가 305-2,35.8130637,127.1325668,47.85,2022-06-30
맘약국,2022-03-28,영업중,063-226-1203,"전라북도 전주시 완산구 효천중앙로 57, 107호 (효자동2가)",전라북도 전주시 완산구 효자동2가 1377,35.799336,127.1080659,40,2022-06-30
메디칼약국,1999-01-11,영업중,063-255-9200,전라북도 전주시 덕진구 솔내로 190 (송천동2가),전라북도 전주시 덕진구 송천동2가 282-3,35.86702497,127.1274585,,2022-06-30
메디칼종합약국,2013-12-17,영업중,063-277-3180,전라북도 전주시 덕진구 기린대로 272 (진북동),전라북도 전주시 덕진구 진북동 329-1,35.82998243,127.1425579,29.7,2022-06-30
메디팜동일약국,1999-05-07,영업중,063-224-3663,"전라북도 전주시 완산구 용리로 178, 306동 105호 (삼천동1가, 삼천쌍용아파트)",전라북도 전주시 완산구 삼천동1가 705-3,35.79789971,127.1283968,0,2022-06-30
메디팜송정약국,1995-05-13,영업중,063-254-0077,전라북도 전주시 덕진구 벚꽃로 52 (진북동),전라북도 전주시 덕진구 진북동 417-64,35.82898851,127.1352358,0,2022-06-30
메디팜으뜸약국,2014-03-13,영업중,063-282-1999,"전라북도 전주시 완산구 서원로 325, 1층 102호 (중화산동1가, 나눔빌딩)",전라북도 전주시 완산구 중화산동1가 253-2,35.81244142,127.1298821,72.86,2022-06-30
명랑약국,2000-08-16,영업중,063-274-3669,전라북도 전주시 덕진구 안덕원로 204 (인후동1가),전라북도 전주시 덕진구 인후동1가 660-5,35.83549907,127.1496443,0,2022-06-30
명문약국,1997-11-06,영업중,063-224-9500,전라북도 전주시 완산구 거마평로 181 (효자동1가),전라북도 전주시 완산구 효자동1가 393,35.80856288,127.1155484,0,2022-06-30
명산약국,1968-07-06,영업중,063-284-5420,전라북도 전주시 완산구 풍남문4길 16 (전동3가),전라북도 전주시 완산구 전동3가 32-1,35.81373369,127.1455809,0,2022-06-30
명성약국,1995-03-18,영업중,,전라북도 전주시 덕진구 안덕원로 159 (인후동2가),전라북도 전주시 덕진구 인후동2가 236-8,35.83359583,127.1452822,96,2022-06-30
명약국,1977-07-14,영업중,063-284-7263,전라북도 전주시 완산구 견훤왕궁로 78 (중노송동),전라북도 전주시 완산구 중노송동 354-151,35.82740292,127.1543197,0,2022-06-30
명현약국,2005-02-21,영업중,063-251-3762,"전라북도 전주시 완산구 온고을로 119, 115동 117호 (서신동)",전라북도 전주시 완산구 서신동 763-1,35.83256427,127.1115212,44.8,2022-06-30
모래내녹십자약국,2009-11-02,영업중,063-255-4004,전라북도 전주시 덕진구 안덕원로 159 (인후동2가),전라북도 전주시 덕진구 인후동2가 236-8,35.83359583,127.1452822,56.4,2022-06-30
모래내약국,2014-04-01,영업중,063-271-0812,전라북도 전주시 덕진구 안덕원로 162 (인후동2가),전라북도 전주시 덕진구 인후동2가 236-25,35.83325078,127.1457704,41,2022-06-30
모래내태평양약국,1985-05-29,영업중,063-274-1188,전라북도 전주시 덕진구 안덕원로 156 (인후동2가),전라북도 전주시 덕진구 인후동2가 236-137,35.83299817,127.1455319,0,2022-06-30
모래내한약국,2018-04-26,영업중,063-277-0868,전라북도 전주시 덕진구 안덕원로 150 (인후동2가),전라북도 전주시 덕진구 인후동2가 260-7,35.83259429,127.1450299,31.68,2022-06-30
문약국,2021-06-17,영업중,063-247-0652,"전라북도 전주시 덕진구 도당산2길 8-2, 1층 (우아동3가)",전라북도 전주시 덕진구 우아동3가 748-5,35.84666464,127.1546362,198.4,2022-06-30
문화당약국,2002-01-15,영업중,063-277-3567,전라북도 전주시 덕진구 가리내로 30 (금암동),전라북도 전주시 덕진구 금암동 796-5,35.83443306,127.1326898,56.32,2022-06-30
미담한약국,2011-03-25,영업중,063-276-3008,전라북도 전주시 덕진구 붓내3길 34 (송천동2가),전라북도 전주시 덕진구 송천동2가 233-1,35.86654302,127.1250987,43.6,2022-06-30
미도약국,2019-12-02,영업중,063-225-7863,"전라북도 전주시 완산구 백제대로 120, 미래내과 (효자동1가)",전라북도 전주시 완산구 효자동1가 222-2,35.80387688,127.1246333,60.15,2022-06-30
미듬약국,2013-04-29,영업중,,전라북도 전주시 완산구 용리로 56 (삼천동1가),전라북도 전주시 완산구 삼천동1가 285-10,35.79840488,127.1159665,45.9,2022-06-30
미듬우리약국,2005-10-21,영업중,063-211-7984,전라북도 전주시 덕진구 쪽구름로 57 (여의동),전라북도 전주시 덕진구 여의동 580-6,35.87049988,127.0765605,0,2022-06-30
미래건강약국,2015-03-13,영업중,063-245-2222,"전라북도 전주시 덕진구 견훤로 382, 1층 (우아동3가)",전라북도 전주시 덕진구 우아동3가 734-14,35.84529777,127.1534599,147.68,2022-06-30
미래약국,2009-10-20,영업중,063-224-8851,전라북도 전주시 완산구 유연로 270 (중화산동2가),전라북도 전주시 완산구 중화산동2가 743-5,35.82516061,127.1150516,44.16,2022-06-30
미르한약국,2005-06-20,영업중,063-255-1114,전라북도 전주시 완산구 모악로 4770 (평화동1가),전라북도 전주시 완산구 평화동1가 731-11,35.79489816,127.1327811,0,2022-06-30
미소약국,2020-04-21,영업중,,"전라북도 전주시 완산구 홍산로 249, 1층 101-2호 (효자동2가)",전라북도 전주시 완산구 효자동2가 1239-5,35.81601796,127.1055173,46,2022-06-30
미소온누리약국,2018-12-14,영업중,063-255-7575,"전라북도 전주시 덕진구 기린대로 489, 1층 (덕진동1가)",전라북도 전주시 덕진구 덕진동1가 1275-10,35.84276162,127.1243937,89.6,2022-06-30
미소진약국,2016-12-12,영업중,063-221-7542,"전라북도 전주시 완산구 호암로 29, 101, 102호 (효자동2가)",전라북도 전주시 완산구 효자동2가 1313-4,35.80939053,127.0976328,74.18,2022-06-30
민트약국,2019-12-05,영업중,0507-1326-2734,전라북도 전주시 덕진구 명륜4길 21(덕진동1가),전라북도 전주시 덕진구 덕진동1가 1312-77,35.8438746,127.1269609,25.74,2022-06-30
바다약국,2013-04-18,영업중,,"전라북도 전주시 덕진구 송천로 30, 2동 1층 (송천동1가)",전라북도 전주시 덕진구 송천동1가 382-1,35.85607789,127.1191966,49.44,2022-06-30
바로약국,2020-06-30,영업중,,"전라북도 전주시 완산구 홍산중앙로 20, 1층 103호 (효자동3가)",전라북도 전주시 완산구 효자동3가 1541-8,35.81535827,127.1093122,59.4,2022-06-30
바른약국,2018-09-17,영업중,063-225-9370,"전라북도 전주시 덕진구 기지로 66, 102호 (중동)",전라북도 전주시 덕진구 중동 774-4,35.83804926,127.0590138,78.65,2022-06-30
반암약국,2003-02-24,영업중,063-284-6638,전라북도 전주시 완산구 효자로 169 (효자동3가),전라북도 전주시 완산구 효자동3가 1699-4,35.81938959,127.1039547,0,2022-06-30
방가온누리약국,2018-08-01,영업중,,전라북도 전주시 완산구 용머리로 104 (효자동1가),전라북도 전주시 완산구 효자동1가 547-3,35.80586032,127.1215175,111.3,2022-06-30
백제약국,2000-10-23,영업중,063-284-6767,전라북도 전주시 완산구 서원로 353 (중화산동1가),전라북도 전주시 완산구 중화산동1가 306-8,35.81351558,127.1324941,0,2022-06-30
백화점약국,2005-09-21,영업중,063-255-8275,"전라북도 전주시 완산구 온고을로 26, 1층 (서신동, 트윈폴리스)",전라북도 전주시 완산구 서신동 970-2,35.8342007,127.1201013,0,2022-06-30
베스트약국,2010-08-16,영업중,063-223-2003,전라북도 전주시 완산구 홍산로 250 (효자동3가),전라북도 전주시 완산구 효자동3가 1531-4,35.81603724,127.1064466,67.5,2022-06-30
보건약국,2021-10-01,영업중,063-255-3293,전라북도 전주시 덕진구 안덕원로 102(진북동),전라북도 전주시 덕진구 진북동 359-8,35.8294901,127.1413179,55.54,2022-06-30
보건온누리약국,2022-01-07,영업중,063-244-5646,"전라북도 전주시 덕진구 우아3길 22, 1층 (우아동3가)",전라북도 전주시 덕진구 우아동3가 730-6,35.84860884,127.1545581,66,2022-06-30
보금약국,2017-05-08,영업중,063-229-8270,"전라북도 전주시 완산구 유연로 158, 101호 (효자동3가)",전라북도 전주시 완산구 효자동3가 1627-4,35.82489475,127.1029416,107.84,2022-06-30
보람약국,2015-06-01,영업중,063-276-5955,전라북도 전주시 덕진구 송천중앙로 123 (송천동1가),전라북도 전주시 덕진구 송천동1가 474-12,35.85807044,127.120593,135.87,2022-06-30
보령당한약국,2007-09-07,영업중,063-254-8505,전라북도 전주시 덕진구 안덕원로 146 (진북동),전라북도 전주시 덕진구 진북동 325-1,35.83213539,127.1445666,23.1,2022-06-30
보령약국,2002-03-23,영업중,063-246-5050,전라북도 전주시 덕진구 무삼지로 77 (인후동1가),전라북도 전주시 덕진구 인후동1가 842-7,35.83249011,127.1627011,114.46,2022-06-30
보생약국,1973-06-01,영업중,063-221-6402,전라북도 전주시 완산구 효동2길 3 (효자동1가),전라북도 전주시 완산구 효자동1가 196-3,35.80580577,127.1278025,45.6,2022-06-30
본약국,2021-07-19,영업중,063-276-3876,"전라북도 전주시 덕진구 송천중앙로 154, 1층 (송천동1가)",전라북도 전주시 덕진구 송천동1가 482-1,35.86051043,127.121723,52,2022-06-30
봄빛약국,2012-11-30,영업중,063-254-8625,전라북도 전주시 덕진구 가련산로 10 (덕진동2가),전라북도 전주시 덕진구 덕진동2가 695-2,35.84066828,127.1105537,59.8,2022-06-30
봄약국,2019-05-08,영업중,063-223-2236,"전라북도 전주시 완산구 거마평로 150, 1층 (효자동1가)",전라북도 전주시 완산구 효자동1가 282-6,35.8059307,127.1169923,31.9,2022-06-30
빅약국,2022-01-26,영업중,,"전라북도 전주시 덕진구 송천중앙로 82, 롯데마트맥스 송천점 2층 일부호 (송천동1가)",전라북도 전주시 덕진구 송천동1가 281-1,35.85457451,127.12046,23.8,2022-06-30
사랑녹십자약국,2007-11-20,영업중,063-243-8778,전라북도 전주시 덕진구 아중로 152 (인후동1가),전라북도 전주시 덕진구 인후동1가 928-6,35.82580672,127.1661416,0,2022-06-30
사랑약국,2018-12-21,영업중,063-229-140,전라북도 전주시 완산구 백제대로 74 (삼천동1가),전라북도 전주시 완산구 삼천동1가 732-3,35.80087761,127.1278535,55,2022-06-30
삼광약국,1999-12-23,영업중,063-288-8148,전라북도 전주시 완산구 장승배기로 266 (평화동1가),전라북도 전주시 완산구 평화동1가 408-4,35.79837887,127.1412902,0,2022-06-30
삼인당약국,1999-05-26,영업중,063-224-2266,전라북도 전주시 완산구 용리로 142 (삼천동1가),전라북도 전주시 완산구 삼천동1가 622-2,35.79701949,127.1248458,0,2022-06-30
삼천우리약국,2007-11-02,영업중,063-228-0777,전라북도 전주시 완산구 거마평로 57 (삼천동1가),전라북도 전주시 완산구 삼천동1가 287-14,35.79767393,127.1166517,0,2022-06-30
상진약국,2006-12-12,영업중,063-284-3848,전라북도 전주시 완산구 팔달로 13 (서서학동),전라북도 전주시 완산구 서서학동 113-5,35.80411618,127.1485062,0,2022-06-30
새로나약국,2001-09-22,영업중,063-222-3292,"전라북도 전주시 완산구 용머리로 66, 1층 (효자동1가, 김양박이비인후과)",전라북도 전주시 완산구 효자동1가 285-6,35.80631431,127.1175088,56.14,2022-06-30
새롬약국,2013-10-01,영업중,063-226-7985,"전라북도 전주시 완산구 거마평로 22, 1층 (삼천동1가)",전라북도 전주시 완산구 삼천동1가 660-2,35.79433362,127.1170604,91.32,2022-06-30
새보건약국,1989-10-11,영업중,063-287-0814,전라북도 전주시 완산구 팔달로 158 (전동),전라북도 전주시 완산구 전동 135,35.81647577,127.1478735,0,2022-06-30
새봄약국,2019-12-17,영업중,,전라북도 전주시 완산구 용머리로 203 (서완산동2가),전라북도 전주시 완산구 서완산동2가 360-19,35.8078255,127.1321346,50.03,2022-06-30
새평화약국,1982-07-16,영업중,,전라북도 전주시 덕진구 안덕원로 261 (인후동1가),전라북도 전주시 덕진구 인후동1가 768-9,35.83694684,127.1555388,0,2022-06-30
새하늘약국,2015-09-25,영업중,,"전라북도 전주시 완산구 홍산1길 21, 1층 104호 (효자동2가, 서희스타힐스)",전라북도 전주시 완산구 효자동2가 1157-3,35.81439897,127.1073162,31.2,2022-06-30
새하얀온누리약국,2003-06-02,영업중,063-229-8575,전라북도 전주시 완산구 용머리로 62 (효자동1가),전라북도 전주시 완산구 효자동1가 288-5,35.80633056,127.1170206,0,2022-06-30
샛별약국,2022-05-10,영업중,063-282-9799,"전라북도 전주시 완산구 서원로 318, 1층 (중화산동2가)",전라북도 전주시 완산구 중화산동2가 28-3,35.81173197,127.1291927,47.48,2022-06-30
생수약국,2013-04-29,영업중,063-282-3752,전라북도 전주시 완산구 장승배기로 208 (평화동1가),전라북도 전주시 완산구 평화동1가 711-5,35.79626153,127.135416,102.96,2022-06-30
서문약국,2012-05-17,영업중,063-226-9940,전라북도 전주시 완산구 용머리로 54 (효자동1가),전라북도 전주시 완산구 효자동1가 441-5,35.80629795,127.1162558,112.86,2022-06-30
서부대성약국,2017-03-24,영업중,063-227-7733,전라북도 전주시 완산구 용머리로 148 (효자동1가),전라북도 전주시 완산구 효자동1가 195-14,35.80574581,127.126633,98.82,2022-06-30
서신약국,2001-02-08,영업중,063-274-7569,전라북도 전주시 완산구 전룡로 98 (서신동),전라북도 전주시 완산구 서신동 23-38,35.82834599,127.1233492,0,2022-06-30
서신이마트약국,2017-03-13,영업중,063-255-3520,전라북도 전주시 완산구 당산로 106 (서신동),전라북도 전주시 완산구 서신동 785-4,35.83200163,127.1200134,65.8,2022-06-30
서신종로약국,2012-12-31,영업중,063-275-8813,전라북도 전주시 완산구 당산로 98 (서신동),전라북도 전주시 완산구 서신동 785,35.83198355,127.1192556,186.06,2022-06-30
서신태평양약국,2013-01-02,영업중,063-252-9270,전라북도 전주시 완산구 당산로 102 (서신동),전라북도 전주시 완산구 서신동 785-2,35.83197135,127.1196516,196.74,2022-06-30
서신토마토약국,2005-09-28,영업중,063-274-5755,전라북도 전주시 완산구 온고을로 66 (서신동),전라북도 전주시 완산구 서신동 962-3,35.8342176,127.1155508,0,2022-06-30
서울약국,1960-10-18,영업중,,전라북도 전주시 덕진구 조경단로 48 (금암동),전라북도 전주시 덕진구 금암동 1560-10,35.83857373,127.1382635,38.1,2022-06-30
서학온누리약국,2022-05-13,영업중,063-286-7773,"전라북도 전주시 완산구 흑석로 42, 1층 (서서학동)",전라북도 전주시 완산구 서서학동 970-7,35.80045474,127.1506524,42.5,2022-06-30
설약국,2017-05-01,영업중,063-221-7240,전라북도 전주시 완산구 백제대로 248 (중화산동2가),전라북도 전주시 완산구 중화산동2가 649-7,35.81518573,127.1235057,75.6,2022-06-30
성심약국,2009-01-29,영업중,063-288-3633,전라북도 전주시 완산구 서학로 36 (동서학동),전라북도 전주시 완산구 동서학동 137-3,35.80945714,127.1533902,54,2022-06-30
성은약국,2017-08-09,영업중,063-273-5880,"전라북도 전주시 덕진구 기린대로 358, 106호 (금암동, 영진빌딩)",전라북도 전주시 덕진구 금암동 482-5,35.835462,127.1356179,0,2022-06-30
센타프라자약국,2019-01-02,영업중,063-241-7585,"전라북도 전주시 덕진구 만성중앙로 45, 109,110호 (만성동)",전라북도 전주시 덕진구 만성동 1373-1,35.84311246,127.0768407,68.89,2022-06-30
센트럴약국,2017-07-20,영업중,063-227-1255,"전라북도 전주시 완산구 홍산2길 17 (효자동3가, 센트럴빌딩)",전라북도 전주시 완산구 효자동3가 1543-5,35.8148796,127.110898,55.5,2022-06-30
소담약국,2001-10-23,영업중,063-283-0652,"전라북도 전주시 완산구 공북로 48 (태평동, 명신약국)",전라북도 전주시 완산구 태평동 241-13,35.8255237,127.1373094,61.61,2022-06-30
소망약국,1983-10-10,영업중,063-228-1928,전라북도 전주시 완산구 모악로 4678 (평화동2가),전라북도 전주시 완산구 평화동2가 889-1,35.78686647,127.1305418,0,2022-06-30
소망한약국,2004-12-03,영업중,063-229-4567,"전라북도 전주시 완산구 솟대로 16 (삼천동1가, 우성아파트)",전라북도 전주시 완산구 삼천동1가 705-7,35.79527516,127.1262496,52.44,2022-06-30
손약국,1981-04-09,영업중,063-282-3321,전라북도 전주시 완산구 장승배기로 186 (평화동1가),전라북도 전주시 완산구 평화동1가 709-11,35.79548374,127.1332432,85.88,2022-06-30
솔약국,2011-08-29,영업중,063-231-1250,전라북도 전주시 완산구 장승배기로 268 (평화동1가),전라북도 전주시 완산구 평화동1가 434-15,35.79840632,127.1416305,118.33,2022-06-30
송신약국,1989-11-06,영업중,063-226-9988,"전라북도 전주시 완산구 강변로 106, 107동 103호 (삼천동1가, 삼천하이츠A상가)",전라북도 전주시 완산구 삼천동1가 722-2,35.80061326,127.1126323,0,2022-06-30
송천건강약국,2017-09-01,영업중,063-278-2818,전라북도 전주시 덕진구 붓내3길 48 (송천동2가),전라북도 전주시 덕진구 송천동2가 218-4,35.8665474,127.1266871,0,2022-06-30
송천미소약국,2015-05-21,영업중,,전라북도 전주시 덕진구 천마산로 73 (송천동2가),전라북도 전주시 덕진구 송천동2가 179-41,35.86540667,127.1294837,54,2022-06-30
송천백제약국,2017-11-20,영업중,063-252-4423,"전라북도 전주시 덕진구 천마산로 52, 103호 (송천동1가)",전라북도 전주시 덕진구 송천동1가 107-204,35.86392096,127.1274617,78,2022-06-30
송천사랑약국,2009-12-30,영업중,063-275-8415,전라북도 전주시 덕진구 시천로 40 (송천동1가),전라북도 전주시 덕진구 송천동1가 834-4,35.86292748,127.114792,35.25,2022-06-30
송천성심약국,2005-06-29,영업중,063-252-7788,"전라북도 전주시 덕진구 솔내로 148, 가동 104호 (송천동1가)",전라북도 전주시 덕진구 송천동1가 107-179,35.86333293,127.1273385,65.61,2022-06-30
수진가새란약국,2014-04-28,영업중,063-272-8066,"전라북도 전주시 덕진구 세병남로 25, 104호 (송천동2가)",전라북도 전주시 덕진구 송천동2가 1331-13,35.87200421,127.1272879,55.5,2022-06-30
수하락한약국,2019-01-10,영업중,063-272-7535,전라북도 전주시 완산구 문학로 10 (효자동3가),전라북도 전주시 완산구 효자동3가 1624-6,35.82595967,127.1020785,32.5,2022-06-30
스마일약국,2020-03-13,영업중,,"전라북도 전주시 덕진구 가련산로 18, 리더빌딩 (덕진동2가)",전라북도 전주시 덕진구 덕진동2가 694-3,35.84118572,127.1111106,52,2022-06-30
스마트약국,2021-09-07,영업중,063-272-7600,"전라북도 전주시 완산구 당산로 48, 소망빌딩 1층 (서신동)",전라북도 전주시 완산구 서신동 796-2,35.8320003,127.113501,49.3,2022-06-30
시민약국,2011-12-05,영업중,063-254-0009,전라북도 전주시 완산구 태평5길 20 (서노송동),전라북도 전주시 완산구 서노송동 639-34,35.82367218,127.1439912,75.79,2022-06-30
시원약국,2018-10-01,영업중,063-254-2800,"전라북도 전주시 덕진구 안덕원로 142, 102호 (진북동)",전라북도 전주시 덕진구 진북동 325-10,35.83192582,127.144211,55.2,2022-06-30
시장약국,1993-06-03,영업중,063-271-0468,전라북도 전주시 완산구 태평3길 43 (태평동),전라북도 전주시 완산구 태평동 35-15,35.82407222,127.141891,0,2022-06-30
신세계약국,1997-08-12,영업중,063-229-8585,전라북도 전주시 완산구 소대배기로 28 (평화동2가),전라북도 전주시 완산구 평화동2가 894-1,35.78676726,127.1332306,0,2022-06-30
신행복약국,2014-03-03,영업중,063-278-8411,전라북도 전주시 완산구 팔달로 225 (고사동),전라북도 전주시 완산구 고사동 2-6,35.82224441,127.1452596,26.4,2022-06-30
실로암약국,2018-06-18,영업중,063-247-1300,"전라북도 전주시 덕진구 백제대로 686, 105~107호 (인후동2가)",전라북도 전주시 덕진구 인후동2가 1529-26,35.84371812,127.1443847,68,2022-06-30
아름다운약국,2003-10-06,영업중,063-247-0880,전라북도 전주시 덕진구 아중로 147 (인후동1가),전라북도 전주시 덕진구 인후동1가 916-5,35.82620563,127.165674,0,2022-06-30
아시아약국,1971-06-19,영업중,063-285-2244,전라북도 전주시 완산구 팔달로 133 (전동),전라북도 전주시 완산구 전동 88-12,35.81445543,127.1480092,49.92,2022-06-30
아중E마트약국,2010-08-02,영업중,063-245-8588,전라북도 전주시 덕진구 정언신로 89 (인후동1가),전라북도 전주시 덕진구 인후동1가 857-1,35.83129554,127.1636583,143,2022-06-30
아중건강약국,2003-11-21,영업중,063-247-0880,"전라북도 전주시 덕진구 아중로 159 (인후동1가, 보명빌딩)",전라북도 전주시 덕진구 인후동1가 919-5,35.82666195,127.1669005,0,2022-06-30
아중녹십자약국,2003-08-18,영업중,063-245-8555,전라북도 전주시 덕진구 석소로 32 (우아동2가),전라북도 전주시 덕진구 우아동2가 903-2,35.8300856,127.1691275,0,2022-06-30
아중대성약국,2019-08-28,영업중,063-247-3344,"전라북도 전주시 덕진구 정언신로 95, 아중대성약국 (인후동1가)",전라북도 전주시 덕진구 인후동1가 857-3,35.83138652,127.1642221,159.69,2022-06-30
아중백제약국,2000-07-12,영업중,063-242-0027,전라북도 전주시 덕진구 견훤로 229 (인후동1가),전라북도 전주시 덕진구 인후동1가 811-4,35.83217619,127.158118,0,2022-06-30
아중새천년약국,1999-08-13,영업중,063-245-0028,전라북도 전주시 덕진구 건산로 232 (인후동1가),전라북도 전주시 덕진구 인후동1가 845-1,35.83407222,127.1627322,0,2022-06-30
아중종로약국,2003-07-02,영업중,063-246-4860,전라북도 전주시 덕진구 건산로 222 (인후동1가),전라북도 전주시 덕진구 인후동1가 835-1,35.83373121,127.1615768,0,2022-06-30
안골녹십자약국,2022-03-07,영업중,063-241-7555,"전라북도 전주시 덕진구 안덕원로 242, 1층 (인후동1가)",전라북도 전주시 덕진구 인후동1가 772-16,35.83620723,127.1533987,123.35,2022-06-30
알파약국,2018-08-21,영업중,063-273-7578,"전라북도 전주시 덕진구 세병로 30, 401호 (송천동2가)",전라북도 전주시 덕진구 송천동2가 1326-9,35.8735992,127.1280028,88,2022-06-30
애플약국,2010-08-12,영업중,063-271-8200,전라북도 전주시 완산구 당산로 110 (서신동),전라북도 전주시 완산구 서신동 785-6,35.83199227,127.1203618,75.75,2022-06-30
약산가푸른한약국,2010-04-20,영업중,063-254-7585,전라북도 전주시 덕진구 석소로 22 (우아동2가),전라북도 전주시 덕진구 우아동2가 904-7,35.82935189,127.1695104,52,2022-06-30
약손약국,2006-03-21,영업중,063-226-8275,전라북도 전주시 완산구 신봉로 11 (효자동1가),전라북도 전주시 완산구 효자동1가 620-9,35.81045433,127.1162253,66.75,2022-06-30
어울림약국,2015-01-19,영업중,063-237-5292,"전라북도 전주시 완산구 홍산로 160-3, 2층 (효자동2가)",전라북도 전주시 완산구 효자동2가 1332-1,35.80816948,127.1051292,16.24,2022-06-30
어울림한약국,2015-04-08,영업중,063-223-0175,"전라북도 전주시 완산구 호암로 19, 2층 201호 (효자동2가)",전라북도 전주시 완산구 효자동2가 1313-7,35.80919592,127.0967708,93.17,2022-06-30
에이스약국,2018-01-30,영업중,063-904-9443,"전라북도 전주시 덕진구 솔내로 152, 1층 (송천동1가)",전라북도 전주시 덕진구 송천동1가 107-15,35.86371745,127.1272114,68.87,2022-06-30
에코2층약국,2018-05-29,영업중,,"전라북도 전주시 덕진구 세병로 30, 2층 205호 (송천동2가)",전라북도 전주시 덕진구 송천동2가 1326-9,35.8735992,127.1280028,74.88,2022-06-30
에코사랑약국,2018-07-03,영업중,063-271-7555,"전라북도 전주시 덕진구 세병남로 35, 102,103호 (송천동2가)",전라북도 전주시 덕진구 송천동2가 1326-13,35.87285665,127.1275074,133.04,2022-06-30
에코수약국,2019-08-26,영업중,063-255-1133,"전라북도 전주시 덕진구 세병로 176, 101호 (송천동2가)",전라북도 전주시 덕진구 송천동2가 1299-10,35.8788618,127.1331416,32.26,2022-06-30
에코우리약국,2020-05-25,영업중,063-255-0995,"전라북도 전주시 덕진구 백석동로 17, 102호 (송천동2가)",전라북도 전주시 덕진구 송천동2가 1323-2,35.87673072,127.1250681,76,2022-06-30
에코유익한약국,2019-01-04,영업중,063-278-1300,"전라북도 전주시 덕진구 세병로 172, 103호 (송천동2가)",전라북도 전주시 덕진구 송천동2가 1301-6,35.87856246,127.1335758,36.3,2022-06-30
에코윤약국,2022-02-16,영업중,,"전라북도 전주시 덕진구 과학로 20, 엘디엠시티 107호 (송천동2가)",전라북도 전주시 덕진구 송천동2가 1332-1,35.87197561,127.1227217,60.16,2022-06-30
에코참약국,2022-04-13,영업중,,"전라북도 전주시 덕진구 세병서로 10, 101호 (송천동2가)",전라북도 전주시 덕진구 송천동2가 1333-1,35.87171195,127.1230825,60.56,2022-06-30
에코현대약국,2020-10-08,영업중,,"전라북도 전주시 덕진구 세병남로 31, 1층 (송천동2가)",전라북도 전주시 덕진구 송천동2가 1331-15,35.87250053,127.127367,66.4,2022-06-30
엔네이버약국,2019-05-07,영업중,063-255-3993,"전라북도 전주시 덕진구 가련산로 5, 103호 (덕진동2가)",전라북도 전주시 덕진구 덕진동2가 693-4,35.8407749,127.109663,62.5,2022-06-30
엔씨피희망약국,2013-08-16,영업중,063-255-3769,"전라북도 전주시 덕진구 붓내3길 24, 1층 (송천동2가)",전라북도 전주시 덕진구 송천동2가 241-1,35.86652295,127.1240278,100.8,2022-06-30
엔젤약국,2015-03-03,영업중,063-227-2007,"전라북도 전주시 완산구 효자천변1길 27, 103호 (효자동1가)",전라북도 전주시 완산구 효자동1가 662-6,35.80048616,127.1141904,87.06,2022-06-30
엔젤팜약국,2002-01-15,영업중,063-236-4427,전라북도 전주시 완산구 백제대로 141 (효자동1가),전라북도 전주시 완산구 효자동1가 548-2,35.80561349,127.1228248,,2022-06-30
엠약국,2012-05-22,영업중,063-272-0430,전라북도 전주시 덕진구 기린대로 479-1 (덕진동1가),전라북도 전주시 덕진구 덕진동1가 1267-6,35.84236969,127.1252321,44.85,2022-06-30
연세약국,2003-06-18,영업중,063-225-9322,전라북도 전주시 완산구 서원로 284 (중화산동2가),전라북도 전주시 완산구 중화산동2가 534-5,35.81172305,127.1256256,74.3,2022-06-30
연세큰사랑약국,2021-04-28,영업중,063-247-3367,"전라북도 전주시 덕진구 도당산4길 69, 1층 (우아동3가)",전라북도 전주시 덕진구 우아동3가 749-7,35.8457055,127.1541638,96.43,2022-06-30
열린사랑약국,2017-03-02,영업중,063-231-7585,전라북도 전주시 완산구 기린대로 233-5 (서노송동),전라북도 전주시 완산구 서노송동 685-5,35.82678138,127.1452374,92.4,2022-06-30
열린약국,2017-04-24,영업중,063-224-3008,"전라북도 전주시 완산구 모악로 4766 (평화동1가, 열린약국)",전라북도 전주시 완산구 평화동1가 731-8,35.7946019,127.132711,115,2022-06-30
염약국,1998-08-08,영업중,063-278-7989,전라북도 전주시 덕진구 매봉로 29-1 (금암동),전라북도 전주시 덕진구 금암동 1583-4,35.84066574,127.1411245,0,2022-06-30
영광약국,2000-08-05,영업중,063-271-2737,전라북도 전주시 덕진구 건지로 13 (금암동),전라북도 전주시 덕진구 금암동 1594-3,35.84482197,127.1423533,0,2022-06-30
영빈약국,1981-05-21,영업중,063-246-1056,"전라북도 전주시 완산구 세내로 542, 1층 (효자동3가)",전라북도 전주시 완산구 효자동3가 1456-5,35.83395415,127.0999838,59.16,2022-06-30
영진약국,2012-01-02,영업중,063-229-4577,전라북도 전주시 완산구 백제대로 265 (중화산동2가),전라북도 전주시 완산구 중화산동2가 596-13,35.81684402,127.1225613,129.38,2022-06-30
예담한약국,2016-04-04,영업중,063-251-6787,전라북도 전주시 완산구 새터로 52 (서신동),전라북도 전주시 완산구 서신동 940-3,35.83536804,127.1119556,34.4,2022-06-30
예새롬약국,2013-06-03,영업중,063-287-9989,전라북도 전주시 완산구 선너머4길 34 (중화산동1가),전라북도 전주시 완산구 중화산동1가 217-3,35.81502113,127.1329084,193,2022-06-30
오거리약국,2020-09-02,영업중,,전라북도 전주시 완산구 전주객사5길 77 (고사동),전라북도 전주시 완산구 고사동 217-1,35.8215085,127.1444595,94,2022-06-30
오렌지약국,2020-02-28,영업중,063-246-6111,전라북도 전주시 덕진구 도당산4길 71 (우아동3가),전라북도 전주시 덕진구 우아동3가 749-4,35.84563131,127.1539647,80.72,2022-06-30
온고을약국,2018-01-02,영업중,063-225-7599,전라북도 전주시 완산구 신촌3길 19-6 (중화산동2가),전라북도 전주시 완산구 중화산동2가 484-22,35.81647109,127.1158285,67.44,2022-06-30
온기한약국,2022-03-08,영업중,063-222-1133,"전라북도 전주시 완산구 효천중앙로 49, 104호 (효자동2가)",전라북도 전주시 완산구 효자동2가 1377-4,35.79895511,127.1072243,49.64,2022-06-30
온누리열린약국,2003-05-09,영업중,063-278-0052,전라북도 전주시 덕진구 건지2길 13 (금암동),전라북도 전주시 덕진구 금암동 1592-10,35.84442651,127.1411155,141.12,2022-06-30
온누리화신약국,2002-01-03,영업중,063-286-8270,전라북도 전주시 완산구 팔달로 248 (서노송동),전라북도 전주시 완산구 서노송동 632-11,35.82434407,127.1448903,0,2022-06-30
온세종합약국,2012-10-29,영업중,063-232-0830,전라북도 전주시 완산구 전라감영3길 22 (중앙동2가),전라북도 전주시 완산구 중앙동2가 39-1,35.81711556,127.143048,31.82,2022-06-30
온심약국,2015-03-30,영업중,063-228-9278,전라북도 전주시 완산구 모악로 4693 (평화동2가),전라북도 전주시 완산구 평화동2가 316-2,35.78850148,127.1304325,61.58,2022-06-30
온유한약국,2010-04-26,영업중,063-288-2442,전라북도 전주시 완산구 황강서원로 24 (효자동3가),전라북도 전주시 완산구 효자동3가 1598-8,35.82854563,127.0996345,48.38,2022-06-30
온정약국,2009-08-14,영업중,063-221-8279,전라북도 전주시 완산구 용머리로 152 (효자동1가),전라북도 전주시 완산구 효자동1가 195-19,35.80578869,127.1269127,37.01,2022-06-30
올리브약국,2021-08-17,영업중,063-222-3375,"전라북도 전주시 완산구 홍산로 260, 엠스퀘어 1층 (효자동3가)",전라북도 전주시 완산구 효자동3가 1531-2,35.81684124,127.1064661,65.3,2022-06-30
옵티마런던약국,2019-06-21,영업중,063-252-2332,"전라북도 전주시 덕진구 태진로 125-30, 103동 1층 103호 (금암동, 휴엔하임주상복합아파트)",전라북도 전주시 덕진구 금암동 1639-1,35.83324801,127.134215,85.84,2022-06-30
옵티마우리약국,2012-07-25,영업중,063-232-3806,전라북도 전주시 완산구 장승배기로 364 (서서학동),전라북도 전주시 완산구 서서학동 295,35.80383121,127.1496586,38.76,2022-06-30
옻율당한약국,2021-11-18,영업중,,"전라북도 전주시 완산구 전라감영로 15, 1층 일부호 (다가동2가)",전라북도 전주시 완산구 다가동2가 92-1,35.81441475,127.1409898,86,2022-06-30
완산원약국,2022-04-29,영업중,,전라북도 전주시 완산구 평화로 192(평화동1가),전라북도 전주시 완산구 평화동1가 741-1,35.79363924,127.1366687,36.48,2022-06-30
완산종로약국,2021-03-23,영업중,063-252-1574,"전라북도 전주시 완산구 당산로 96, BYC / 복음연합내과 1층 108,109호 (서신동)",전라북도 전주시 완산구 서신동 792,35.83196446,127.118786,131.72,2022-06-30
우리들약국,2020-08-05,영업중,,"전라북도 전주시 덕진구 권삼득로 303, 1층 (금암동)",전라북도 전주시 덕진구 금암동 664-77,35.84321951,127.1284501,28.05,2022-06-30
우리들한약국,2016-11-09,영업중,063-255-9666,"전라북도 전주시 완산구 유연로 266, 1층 102호 (중화산동2가)",전라북도 전주시 완산구 중화산동2가 743-9,35.82520413,127.1144997,45.78,2022-06-30
우리송천약국,2001-12-10,영업중,063-251-5365,전라북도 전주시 덕진구 송천중앙로 127 (송천동1가),전라북도 전주시 덕진구 송천동1가 474-39,35.85844314,127.1207401,86,2022-06-30
우리수약국,2019-08-26,영업중,063-231-7577,전라북도 전주시 완산구 선너머4길 6 (중화산동1가),전라북도 전주시 완산구 중화산동1가 300-8,35.81375606,127.1326346,78.68,2022-06-30
우리약국,2004-10-27,영업중,063-272-5735,"전라북도 전주시 완산구 당산로 49, 109동 104호 (서신동, 제일비사벌상가)",전라북도 전주시 완산구 서신동 764-2,35.8323435,127.1135945,36,2022-06-30
우리정다운약국,2010-02-25,영업중,063-275-9115,전라북도 전주시 완산구 당산로 39 (서신동),전라북도 전주시 완산구 서신동 764-2,35.83234504,127.1127268,34.03,2022-06-30
우리종합약국,2021-05-01,영업중,,"전라북도 전주시 완산구 전라감영로 40-1, 1층 (중앙동4가)",전라북도 전주시 완산구 중앙동4가 31-10,35.81516818,127.1438272,136.55,2022-06-30
우리팜약국,2013-03-29,영업중,063-223-6667,전라북도 전주시 완산구 쑥고개로 398-14 (효자동2가),전라북도 전주시 완산구 효자동2가 238-9,35.80380052,127.1081782,70,2022-06-30
우연한발견약국,2021-04-07,영업중,063-288-3927,"전라북도 전주시 완산구 팔달로 178, 1층 (경원동1가)",전라북도 전주시 완산구 경원동1가 40-10,35.81823417,127.1472542,55.1,2022-06-30
원민약국,1992-09-16,영업중,063-284-8422,전라북도 전주시 완산구 전주객사5길 17 (고사동),전라북도 전주시 완산구 고사동 79-3,35.81894293,127.1454683,0,2022-06-30
원약국,1978-04-05,영업중,063-254-7572,전라북도 전주시 덕진구 기린대로 471-1 (덕진동1가),전라북도 전주시 덕진구 덕진동1가 1267-15,35.84185895,127.1259196,0,2022-06-30
원화당약국,1972-06-01,영업중,063-284-4666,전라북도 전주시 완산구 용머리로 290 (서완산동1가),전라북도 전주시 완산구 서완산동1가 472-3,35.81212943,127.1393608,0,2022-06-30
유명약국,2015-12-07,영업중,063-246-5400,전라북도 전주시 덕진구 우아로 8 (우아동3가),전라북도 전주시 덕진구 우아동3가 746-21,35.8487303,127.1570765,0,2022-06-30
유한약국,2017-04-05,영업중,063-287-6770,전라북도 전주시 완산구 장승배기로 266 (평화동1가),전라북도 전주시 완산구 평화동1가 408-4,35.79837887,127.1412902,84,2022-06-30
은약국,2003-01-02,영업중,063-242-3997,"전라북도 전주시 덕진구 견훤로 501, 1층 일부호 (우아동3가)",전라북도 전주시 덕진구 우아동3가 594-9,35.85511044,127.1555024,105.85,2022-06-30
은혜약국,2019-03-28,영업중,063-284-8888,전라북도 전주시 완산구 흑석로 27 (서서학동),전라북도 전주시 완산구 서서학동 285-1,35.80176802,127.1504701,28.86,2022-06-30
이레약국,2017-12-21,영업중,063-244-5921,전라북도 전주시 덕진구 호성3길 11 (호성동1가),전라북도 전주시 덕진구 호성동1가 828-5,35.86071498,127.1511949,55.64,2022-06-30
이지약국,2012-06-21,영업중,063-244-8806,전라북도 전주시 덕진구 정언신로 142 (우아동2가),전라북도 전주시 덕진구 우아동2가 903-8,35.83024703,127.1693123,97.35,2022-06-30
인삼약국,1988-06-11,영업중,063-252-8822,전라북도 전주시 덕진구 조경단로 5 (금암동),전라북도 전주시 덕진구 금암동 522-25,35.83526181,127.1359573,0,2022-06-30
인후대형약국,2021-08-10,영업중,,"전라북도 전주시 덕진구 무삼지로 66, 1층 (인후동1가)",전라북도 전주시 덕진구 인후동1가 855-6,35.83150703,127.1634707,59,2022-06-30
인후종로약국,2019-07-01,영업중,063-241-3538,"전라북도 전주시 덕진구 무삼지로 80, 이태관내과 1층 (인후동1가)",전라북도 전주시 덕진구 인후동1가 851-6,35.83263222,127.1631761,66.3,2022-06-30
인후해맑은약국,2015-05-18,영업중,063-241-8881,전라북도 전주시 덕진구 견훤로 405 (인후동2가),전라북도 전주시 덕진구 인후동2가 1572-23,35.84714852,127.1520224,35.6,2022-06-30
일동약국,2018-06-07,영업중,063-238-3211,전라북도 전주시 완산구 서원로 360 (중화산동1가),전라북도 전주시 완산구 중화산동1가 302-10,35.81349384,127.133408,97.65,2022-06-30
일성약국,1969-02-13,영업중,,전라북도 전주시 완산구 홍산로 250 (효자동3가),전라북도 전주시 완산구 효자동3가 1531-4,35.81603724,127.1064466,93.37,2022-06-30
자연생한약국,2005-06-20,영업중,063-275-3588,전라북도 전주시 완산구 안행2길 13-1 (삼천동1가),전라북도 전주시 완산구 삼천동1가 735-7,35.80127625,127.1293645,50.25,2022-06-30
자연약국,2009-01-02,영업중,063-243-2992,전라북도 전주시 덕진구 명주3길 7-1 (인후동2가),전라북도 전주시 덕진구 인후동2가 1557-6,35.8445648,127.1479095,57.6,2022-06-30
자인약국,2013-03-05,영업중,,전라북도 전주시 덕진구 견훤로 384 (우아동3가),전라북도 전주시 덕진구 우아동3가 734-15,35.84541963,127.1534475,62.37,2022-06-30
장미약국,2015-01-02,영업중,063-275-7752,전라북도 전주시 완산구 서신로 109 (서신동),전라북도 전주시 완산구 서신동 963-3,35.83510554,127.1156255,0,2022-06-30
전라약국,1981-09-03,영업중,063-252-4861,전라북도 전주시 덕진구 안덕원로 146 (진북동),전라북도 전주시 덕진구 진북동 325-1,35.83213539,127.1445666,0,2022-06-30
전북약국,2000-08-22,영업중,063-241-9100,전라북도 전주시 덕진구 안덕원로 296 (인후동1가),전라북도 전주시 덕진구 인후동1가 497,35.83714591,127.1593393,0,2022-06-30
전주강남약국,1977-07-14,영업중,063-284-3155,전라북도 전주시 완산구 선너머로 83 (중화산동1가),전라북도 전주시 완산구 중화산동1가 166-9,35.81516062,127.1337427,0,2022-06-30
전주김약국,2008-12-01,영업중,063-288-5600,"전라북도 전주시 완산구 팔달로 101, 김약국 (전동)",전라북도 전주시 완산구 전동 260-6,35.811596,127.1491793,16.5,2022-06-30
전주대형온누리약국,2008-05-19,영업중,063-278-3060,"전라북도 전주시 완산구 당산로 50, 1층 (서신동)",전라북도 전주시 완산구 서신동 796-3,35.83200661,127.1136834,0,2022-06-30
전주맑은약국,2018-09-10,영업중,063-277-1084,전라북도 전주시 덕진구 시천로 42 (송천동1가),전라북도 전주시 덕진구 송천동1가 834-3,35.86310233,127.1147867,29.7,2022-06-30
전주바른약국,2021-03-18,영업중,063-255-4741,"전라북도 전주시 완산구 천잠로 507, 1층 (효자동3가)",전라북도 전주시 완산구 효자동3가 978-9,35.82979423,127.0946211,52.54,2022-06-30
전주백제약국,2003-01-02,영업중,063-251-7569,전라북도 전주시 덕진구 백제대로 687 (금암동),전라북도 전주시 덕진구 금암동 1595-18,35.84446197,127.1441987,0,2022-06-30
전주봄봄약국,2021-10-08,영업중,063-255-7859,"전라북도 전주시 완산구 온고을로 20, 더존빌딩 3층 (서신동)",전라북도 전주시 완산구 서신동 970-4,35.83419483,127.1207478,54.15,2022-06-30
전주비타민약국,2015-05-18,영업중,063-232-4936,전라북도 전주시 완산구 전라감영5길 19-8 (중앙동3가),전라북도 전주시 완산구 중앙동3가 55-1,35.81756845,127.1453697,84.1,2022-06-30
전주서원약국,2002-07-23,영업중,063-288-9581,전라북도 전주시 완산구 선너머4길 20 (중화산동1가),전라북도 전주시 완산구 중화산동1가 298-8,35.8145504,127.1322579,84.78,2022-06-30
전주솔약국,2019-04-15,영업중,063-287-7766,전라북도 전주시 덕진구 송천중앙로 149 (송천동1가),전라북도 전주시 덕진구 송천동1가 481-6,35.86018061,127.1209783,44.4,2022-06-30
전주약국,2017-08-22,영업중,063-236-2800,전라북도 전주시 완산구 백제대로 100 (효자동1가),전라북도 전주시 완산구 효자동1가 218-6,35.80263249,127.1259453,96.96,2022-06-30
전주열린약국,2019-12-17,영업중,063-222-3883,"전라북도 전주시 완산구 쑥고개로 319, 1층 (효자동2가)",전라북도 전주시 완산구 효자동2가 1214-6,35.80261827,127.1001455,96,2022-06-30
전주온누리약국,2012-08-08,영업중,063-255-2884,"전라북도 전주시 완산구 온고을로 18, 104호 (서신동)",전라북도 전주시 완산구 서신동 970-5,35.834173,127.1210352,47.05,2022-06-30
전주종로약국,1999-09-18,영업중,063-252-7331,전라북도 전주시 덕진구 송천중앙로 161 (송천동1가),전라북도 전주시 덕진구 송천동1가 486-56,35.86137011,127.1211266,0,2022-06-30
전주종로약국중화산점,1999-11-09,영업중,063-226-7585,전라북도 전주시 완산구 백제대로 262 (중화산동2가),전라북도 전주시 완산구 중화산동2가 650-8,35.81641057,127.1233892,0,2022-06-30
전주즐거운약국,2016-08-04,영업중,063-282-5885,"전라북도 전주시 완산구 선너머4길 7, 1층 (중화산동1가)",전라북도 전주시 완산구 중화산동1가 307-10,35.81353024,127.1323599,20.16,2022-06-30
전주청춘약국,2021-02-08,영업중,,"전라북도 전주시 완산구 백제대로 266, 1층 일부호 (중화산동2가)",전라북도 전주시 완산구 중화산동2가 651-2,35.81696714,127.1233497,57.2,2022-06-30
전주프라자약국,2000-05-10,영업중,063-278-8182~3,전라북도 전주시 완산구 세내로 540 (효자동3가),전라북도 전주시 완산구 효자동3가 1456-6,35.8338605,127.1001063,0,2022-06-30
전주행복약국,2019-07-03,영업중,063-228-0009,"전라북도 전주시 완산구 백제대로 224, 1층 (중화산동2가)",전라북도 전주시 완산구 중화산동2가 647-3,35.813035,127.1234607,44.55,2022-06-30
정다운약국,1973-06-13,영업중,063-278-6136,전라북도 전주시 덕진구 전주천동로 506 (금암동),전라북도 전주시 덕진구 금암동 473-1,35.83703506,127.1315552,0,2022-06-30
정담약국,2017-12-14,영업중,063-285-8273,"전라북도 전주시 완산구 서원로 364-4, 1층 (중화산동1가)",전라북도 전주시 완산구 중화산동1가 162-36,35.81373972,127.1339596,60.13,2022-06-30
정담한약국,2014-06-17,영업중,063-274-4344,"전라북도 전주시 덕진구 호성3길 20, 1층 102호 (호성동1가)",전라북도 전주시 덕진구 호성동1가 587-35,35.86075247,127.1504784,47.44,2022-06-30
정문약국,2013-12-23,영업중,063-255-6026,전라북도 전주시 덕진구 건지로 14 (금암동),전라북도 전주시 덕진구 금암동 1596-2,35.84491685,127.1426738,100.58,2022-06-30
정성약국,1979-08-14,영업중,063-254-7322,전라북도 전주시 완산구 유연로 313-1 (서신동),전라북도 전주시 완산구 서신동 895-3,35.8255021,127.1199384,0,2022-06-30
정약국,2014-08-11,영업중,063-241-0798,전라북도 전주시 덕진구 동부대로 891 (호성동1가),전라북도 전주시 덕진구 호성동1가 848-58,35.8653243,127.1481269,38.88,2022-06-30
정직한종로약국,2010-04-20,영업중,063-254-7585,"전라북도 전주시 덕진구 송천중앙로 82 (송천동1가,롯데마트 2층)",전라북도 전주시 덕진구 송천동1가 281-1,35.85457451,127.12046,25.38,2022-06-30
정화약국,1969-12-30,영업중,063-252-4586,전라북도 전주시 덕진구 반촌로 21-1 (진북동),전라북도 전주시 덕진구 진북동 322-2,35.82902559,127.1459893,0,2022-06-30
제원당약국,2020-06-16,영업중,063-227-2020,"전라북도 전주시 완산구 거마평로 56, 2층 (삼천동1가)",전라북도 전주시 완산구 삼천동1가 608,35.79750373,127.1170617,46.2,2022-06-30
제이팜약국,2002-06-01,영업중,063-223-0367,"전라북도 전주시 완산구 백제대로 259, 1층 (중화산동2가, 어은빌딩)",전라북도 전주시 완산구 중화산동2가 629-5,35.81622969,127.1225886,0,2022-06-30
제일약국,2013-03-11,영업중,063-277-7111,전라북도 전주시 덕진구 건지2길 17 (금암동),전라북도 전주시 덕진구 금암동 103-27,35.84482507,127.1409393,90.88,2022-06-30
제중약국,2013-05-29,영업중,063-226-7510,전라북도 전주시 완산구 한두평4길 18-9 (중화산동2가),전라북도 전주시 완산구 중화산동2가 169-2,35.81527405,127.1250753,108.2,2022-06-30
조약국,1995-11-01,영업중,063-283-3210,전라북도 전주시 덕진구 아중로 149 (인후동1가),전라북도 전주시 덕진구 인후동1가 916-6,35.82630388,127.1658588,0,2022-06-30
조은약국,2005-08-01,영업중,063-278-8274,전라북도 전주시 덕진구 송천3길 2 (송천동1가),전라북도 전주시 덕진구 송천동1가 486-1,35.86120969,127.1211243,0,2022-06-30
종로약국,2019-02-27,영업중,063-251-7585,전라북도 전주시 덕진구 백제대로 646 (금암동),전라북도 전주시 덕진구 금암동 1587-14,35.84257584,127.140067,101.64,2022-06-30
종로프라자약국,1998-11-30,영업중,063-272-8275,전라북도 전주시 완산구 감나무로 62-2 (서신동),전라북도 전주시 완산구 서신동 786,35.8317526,127.1192169,0,2022-06-30
좋은약국,2004-02-07,영업중,063-251-1675,"전라북도 전주시 덕진구 안덕원로 160, 박소아과 1층 (인후동2가)",전라북도 전주시 덕진구 인후동2가 236-56,35.83314034,127.1457242,0,2022-06-30
주연약국,2013-08-19,영업중,063-222-9055,전라북도 전주시 완산구 중인1길 136-22 (중인동),전라북도 전주시 완산구 중인동 804-4,35.76789948,127.0919759,47.35,2022-06-30
중산약국,1999-11-25,영업중,063-227-8273,전라북도 전주시 완산구 용머리로 110 (효자동1가),전라북도 전주시 완산구 효자동1가 548,35.80575898,127.1220909,0,2022-06-30
중앙약국,2002-01-08,영업중,063-231-1330,전라북도 전주시 완산구 팔달로 96 (전동),전라북도 전주시 완산구 전동 253-2,35.81139857,127.1499446,0,2022-06-30
중앙종로약국,1999-06-05,영업중,063-232-5454,전라북도 전주시 완산구 팔달로 250 (서노송동),전라북도 전주시 완산구 서노송동 632-4,35.82452064,127.1448028,0,2022-06-30
즐거운약국,2013-04-25,영업중,063-237-4223,전라북도 전주시 완산구 쑥고개로 343 (효자동2가),전라북도 전주시 완산구 효자동2가 1326-2,35.80328674,127.1027052,39.6,2022-06-30
지평선약국,2018-10-17,영업중,063-223-5335,전라북도 전주시 완산구 용리로 57-3 (효자동1가),전라북도 전주시 완산구 효자동1가 669-13,35.79881612,127.1160702,59.04,2022-06-30
진북녹십자약국,2018-12-01,영업중,063-278-3210,전라북도 전주시 덕진구 벚꽃로 54 (진북동),전라북도 전주시 덕진구 진북동 417-62,35.82899383,127.1354749,112.05,2022-06-30
진실약국,2009-04-14,영업중,063-288-5820,"전라북도 전주시 완산구 꽃밭정로 39, 2층 (평화동1가)",전라북도 전주시 완산구 평화동1가 589-5,35.79812194,127.1369103,38.2,2022-06-30
진흥약국,2019-06-13,영업중,063-245-3536,전라북도 전주시 덕진구 동부대로 897-11 (호성동1가),전라북도 전주시 덕진구 호성동1가 851-6,35.86544096,127.1473634,54,2022-06-30
차약국,2022-05-17,영업중,063-252-7582,"전라북도 전주시 완산구 강당4길 1, 1층 (중화산동1가)",전라북도 전주시 완산구 중화산동1가 162-37,35.81372669,127.1338428,86.6,2022-06-30
참사랑온누리약국,2016-06-01,영업중,063-232-8885,전라북도 전주시 완산구 선너머4길 9 (중화산동1가),전라북도 전주시 완산구 중화산동1가 307-2,35.81352153,127.1322457,68.4,2022-06-30
참조은약국,2016-05-30,영업중,063-222-3751,"전라북도 전주시 완산구 백제대로 114 (효자동1가, 참정형외과)",전라북도 전주시 완산구 효자동1가 222,35.80368832,127.1249057,44.59,2022-06-30
참좋은약국,2014-12-17,영업중,063-903-3801,전라북도 전주시 완산구 기린대로 212 (서노송동),전라북도 전주시 완산구 서노송동 568-84,35.82605893,127.1470148,42.46,2022-06-30
천사약국,2008-10-31,영업중,063-253-1400,전라북도 전주시 덕진구 송천중앙로 136 (송천동1가),전라북도 전주시 덕진구 송천동1가 395-50,35.85891932,127.1214954,36,2022-06-30
청강한약국,2013-07-31,영업중,063-908-6938,"전라북도 전주시 덕진구 오송1길 29, 101호 (송천동1가)",전라북도 전주시 덕진구 송천동1가 98-8,35.86304723,127.1300354,30.06,2022-06-30
최약국,2003-03-12,영업중,063-243-5233,전라북도 전주시 덕진구 건산로 238 (인후동1가),전라북도 전주시 덕진구 인후동1가 845-3,35.83424992,127.1633535,0,2022-06-30
친절한약국,2018-09-18,영업중,063-272-3007,전라북도 전주시 완산구 노송광장로 68 (서노송동),전라북도 전주시 완산구 서노송동 648-8,35.82662659,127.1446707,40.18,2022-06-30
친절한종로약국,2011-08-23,영업중,070-4105-5153,전라북도 전주시 완산구 우전로 240 (효자동2가),전라북도 전주시 완산구 효자동2가 1234-3,35.8163324,127.1025105,36,2022-06-30
코끼리약국,2018-11-05,영업중,063-277-8502,전라북도 전주시 완산구 팔달로 291 (서노송동),전라북도 전주시 완산구 서노송동 658-3,35.82756004,127.1423154,60.9,2022-06-30
코스코약국,2012-01-12,영업중,063-229-1474,"전라북도 전주시 완산구 효자로 266, 1층 (중화산동2가, STL빌딩)",전라북도 전주시 완산구 중화산동2가 485-44,35.81868325,127.1144876,120,2022-06-30
코코약국,2022-02-28,영업중,063-717-5569,"전라북도 전주시 완산구 용리로 133, 상가동 1층 (삼천동1가, 삼익아파트)",전라북도 전주시 완산구 삼천동1가 706,35.79768781,127.1243781,43.05,2022-06-30
큰사랑온누리약국,1991-01-15,영업중,063-253-6811,"전라북도 전주시 덕진구 솔내로 133, 204호 (송천동1가, 맘모스빌딩)",전라북도 전주시 덕진구 송천동1가 118-1,35.86198825,127.1265807,92.96,2022-06-30
키다리약국,2021-04-24,영업중,063-277-1212,"전라북도 전주시 덕진구 세병로 92, 에코시티 데시앙 네스트 3블럭 1층 106호 (송천동2가)",전라북도 전주시 덕진구 송천동2가 1342,35.87260077,127.1342976,32.55,2022-06-30
탑행복한약국,2013-03-11,영업중,063-224-8228,전라북도 전주시 덕진구 아중로 125 (인후동1가),전라북도 전주시 덕진구 인후동1가 913-2,35.82541558,127.1634411,26.52,2022-06-30
태영약국,1988-06-07,영업중,063-223-6730,"전라북도 전주시 완산구 용머리로 156, 1층 (효자동1가)",전라북도 전주시 완산구 효자동1가 195-10,35.8058405,127.1272595,121.5,2022-06-30
태창약국,2019-03-08,영업중,063-273-2345,전라북도 전주시 덕진구 공북로 29 (진북동),전라북도 전주시 덕진구 진북동 417-137,35.82553754,127.1352058,99,2022-06-30
태평양약국,2007-01-10,영업중,063-241-0011,전라북도 전주시 덕진구 안덕원로 256 (인후동1가),전라북도 전주시 덕진구 인후동1가 783-3,35.83634556,127.1549543,0,2022-06-30
터미널약국,1975-08-09,영업중,063-252-5780,"전라북도 전주시 덕진구 가리내로 70 (금암동, 전주고속버스터미널)",전라북도 전주시 덕진구 금암동 767-9,35.8344949,127.1292818,27.19,2022-06-30
터미널큰사랑약국,1975-09-26,영업중,063-252-4422,전라북도 전주시 덕진구 전주천동로 475 (금암동),전라북도 전주시 덕진구 금암동 760-9,35.83561679,127.1288634,0,2022-06-30
토마토약국,2007-08-16,영업중,063-225-8709,전라북도 전주시 완산구 모악로 4746 (평화동1가),전라북도 전주시 완산구 평화동1가 736-3,35.7929159,127.1323047,0,2022-06-30
토마토종합약국,2007-09-20,영업중,063-276-4755,전라북도 전주시 완산구 온고을로 22 (서신동),전라북도 전주시 완산구 서신동 970-3,35.83420133,127.1204622,0,2022-06-30
튼튼약국,2014-07-04,영업중,063-228-9877,"전라북도 전주시 완산구 서원로 63, 1층 (효자동2가)",전라북도 전주시 완산구 효자동2가 1240-11,35.81400516,127.101448,56,2022-06-30
파랑새약국,2015-03-30,영업중,063-271-0026,"전라북도 전주시 덕진구 추탄로 24, 1층 (덕진동2가, 우현빌딩)",전라북도 전주시 덕진구 덕진동2가 675-5,35.84278469,127.109479,59.84,2022-06-30
파랑약국,2011-04-14,영업중,,"전라북도 전주시 완산구 서신로 105 (서신동,2층)",전라북도 전주시 완산구 서신동 963-5,35.83482687,127.1156218,16.2,2022-06-30
팜플러스약국,2017-10-31,영업중,063-225-0771,전라북도 전주시 완산구 평화로 115 (평화동2가),전라북도 전주시 완산구 평화동2가 184-31,35.78710423,127.1343785,80.23,2022-06-30
편한약국,2016-05-02,영업중,063-221-0633,"전라북도 전주시 완산구 평화로 139 (평화동2가, 신전주새마을금고)",전라북도 전주시 완산구 평화동2가 871-3,35.78916338,127.1351568,104.3,2022-06-30
평안한약국,2004-09-16,영업중,063-275-5450,"전라북도 전주시 완산구 공북로 22, 2층 (태평동)",전라북도 전주시 완산구 태평동 185-11,35.82517775,127.1342474,52.2,2022-06-30
평화다나약국,2018-02-13,영업중,063-229-5979,"전라북도 전주시 완산구 모악로 4746, 태양빌딩 105호 (평화동1가)",전라북도 전주시 완산구 평화동1가 736-3,35.7929159,127.1323047,54.78,2022-06-30
평화대성약국,2017-03-21,영업중,063-231-4477,"전라북도 전주시 완산구 모악로 4750, 1층 (평화동1가)",전라북도 전주시 완산구 평화동1가 736-1,35.79328698,127.1324406,165,2022-06-30
평화약국,1981-02-18,영업중,063-277-5290,전라북도 전주시 덕진구 안덕원로 53 (진북동),전라북도 전주시 덕진구 진북동 417-191,35.82822273,127.1360974,56,2022-06-30
평화우리약국,2021-01-14,영업중,,"전라북도 전주시 완산구 모악로 4746, 태양빌딩 2층 (평화동1가)",전라북도 전주시 완산구 평화동1가 736-3,35.7929159,127.1323047,70.8,2022-06-30
평화프라자약국,2018-05-14,영업중,063-229-3330,전라북도 전주시 완산구 소대배기로 16 (평화동2가),전라북도 전주시 완산구 평화동2가 890-4,35.78709035,127.1318593,65.28,2022-06-30
푸른건강약국,2000-06-28,영업중,063-284-3080,전라북도 전주시 완산구 기린대로 151 (중노송동),전라북도 전주시 완산구 중노송동 551-4,35.82162225,127.1511988,0,2022-06-30
푸른숲약국,2008-03-12,영업중,063-275-0005,전라북도 전주시 덕진구 솔내로 177 (송천동2가),전라북도 전주시 덕진구 송천동2가 208,35.86602087,127.1269569,0,2022-06-30
푸른약국,1991-10-01,영업중,063-278-8300~1,전라북도 전주시 덕진구 시천로 49 (송천동2가),전라북도 전주시 덕진구 송천동2가 531-1,35.8637023,127.1143046,0,2022-06-30
푸른하늘약국,2018-09-03,영업중,063-255-3412,"전라북도 전주시 덕진구 세병로 26, 101호 (송천동2가)",전라북도 전주시 덕진구 송천동2가 1326-6,35.87410972,127.1277009,75.92,2022-06-30
프라임약국,2018-12-19,영업중,063-252-7733,"전라북도 전주시 덕진구 만성로 140, 107,108호 (만성동)",전라북도 전주시 덕진구 만성동 1372-1,35.84348517,127.0770598,91.2,2022-06-30
프랜드팜남대문약국,2003-08-05,영업중,,전라북도 전주시 완산구 용머리로 57 (효자동1가),전라북도 전주시 완산구 효자동1가 435-3,35.80694364,127.1163265,0,2022-06-30
필약국,2011-08-23,영업중,063-242-7070,"전라북도 전주시 덕진구 건산로 241 (인후동1가,우중빌딩 4층)",전라북도 전주시 덕진구 인후동1가 806-5,35.83476959,127.1634132,36.26,2022-06-30
하가본한약국,2014-10-20,영업중,063-275-7272,전라북도 전주시 덕진구 가리내8길 15 (덕진동2가),전라북도 전주시 덕진구 덕진동2가 673-5,35.843319,127.1101182,66.45,2022-06-30
하경약국,2022-04-29,영업중,063-277-2670,"전라북도 전주시 완산구 공북로 86, 1층 (태평동)",전라북도 전주시 완산구 태평동 6-10,35.82611154,127.1410915,33.84,2022-06-30
하나로약국,2020-10-30,영업중,,"전라북도 전주시 덕진구 비석날로 20, 농협하나로마트 1층 (여의동)",전라북도 전주시 덕진구 여의동 850,35.85322231,127.0780842,23.14,2022-06-30
하나약국,2013-10-01,영업중,063-242-1166,전라북도 전주시 덕진구 호성1길 10 (우아동3가),전라북도 전주시 덕진구 우아동3가 594-29,35.85604492,127.155319,57.2,2022-06-30
하나큰약국,2018-01-26,영업중,,"전라북도 전주시 덕진구 조경단로 97, 105호 (금암동)",전라북도 전주시 덕진구 금암동 1547-8,35.84293448,127.1386371,71.04,2022-06-30
하늘약국,2017-02-13,영업중,063-246-0329,전라북도 전주시 덕진구 견훤로 215 (인후동1가),전라북도 전주시 덕진구 인후동1가 815-5,35.83081041,127.1586753,0,2022-06-30
한사랑약국,2008-08-27,영업중,063-244-1251,전라북도 전주시 덕진구 안덕원로 373 (산정동),전라북도 전주시 덕진구 산정동 853-6,35.83960778,127.1673638,99.45,2022-06-30
한솔약국,2017-11-14,영업중,063-271-0030,"전라북도 전주시 덕진구 가련산로 10, 1층 104호 (덕진동2가)",전라북도 전주시 덕진구 덕진동2가 695-2,35.84066828,127.1105537,50.8,2022-06-30
한일약국,1991-04-15,영업중,063-212-0946,전라북도 전주시 덕진구 기린대로 696 (팔복동1가),전라북도 전주시 덕진구 팔복동1가 139-26,35.85360637,127.1057262,0,2022-06-30
함께하는약국,2019-07-15,영업중,063-229-8300,전라북도 전주시 완산구 평화로 141 (평화동2가),전라북도 전주시 완산구 평화동2가 871-2,35.78941007,127.1352257,50,2022-06-30
해바라기약국,2004-05-14,영업중,063-228-4100,전라북도 전주시 완산구 백제대로 54 (삼천동1가),전라북도 전주시 완산구 삼천동1가 743-19,35.79938255,127.1292417,0,2022-06-30
햇살가득한약국,2017-10-30,영업중,063-275-5453,전라북도 전주시 덕진구 건지로 8 (금암동),전라북도 전주시 덕진구 금암동 1595-1,35.84440165,127.1429316,66.1,2022-06-30
행복드리는약국,2007-03-29,영업중,063-271-2336,전라북도 전주시 덕진구 건지2길 11 (금암동),전라북도 전주시 덕진구 금암동 1592-11,35.84429359,127.1411835,0,2022-06-30
행복약국,2003-06-04,영업중,063-221-7964,전라북도 전주시 완산구 용리로 42-1 (삼천동1가),전라북도 전주시 완산구 삼천동1가 285-4,35.79849647,127.1146315,0,2022-06-30
행복이열린약국,2018-10-25,영업중,063-276-8576,전라북도 전주시 덕진구 백제대로 630-1 (금암동),전라북도 전주시 덕진구 금암동 1553-13,35.84208996,127.13844,67.13,2022-06-30
행복한약국,2006-03-27,영업중,063-284-3400,전라북도 전주시 완산구 전라감영로 35 (중앙동4가),전라북도 전주시 완산구 중앙동4가 28-7,35.81532265,127.1431473,0,2022-06-30
혁신밝은약국,2016-06-22,영업중,063-236-3618,전라북도 전주시 덕진구 안전로 152 (중동),전라북도 전주시 덕진구 중동 774-6,35.83749653,127.0589946,28.32,2022-06-30
혁신사랑약국,2015-01-12,영업중,063-222-3801,"전라북도 전주시 덕진구 오공로 47, 103호 (중동, 청강빌딩)",전라북도 전주시 덕진구 중동 778-2,35.83637953,127.0608674,74.25,2022-06-30
혁신코끼리약국,2022-04-07,영업중,063-715-1586,"전라북도 전주시 덕진구 기지로 91, 108호 (장동)",전라북도 전주시 덕진구 장동 1087-4,35.83864861,127.0618675,57.51,2022-06-30
혜민당한약국,2006-05-04,영업중,063-288-8589,"전라북도 전주시 완산구 풍남문2길 34, 1층 (전동)",전라북도 전주시 완산구 전동 170,35.81352948,127.1470498,29.52,2022-06-30
호성백제약국,2014-09-18,영업중,063-241-7569,전라북도 전주시 덕진구 호성3길 22 (호성동1가),전라북도 전주시 덕진구 호성동1가 587-36,35.86066623,127.1503267,77.25,2022-06-30
호성이화약국,2003-08-07,영업중,,전라북도 전주시 덕진구 호성1길 35 (호성동1가),전라북도 전주시 덕진구 호성동1가 733,35.85673212,127.1526487,0,2022-06-30
호성프라자약국,2019-02-01,영업중,063-241-1093,"전라북도 전주시 덕진구 호성3길 19, 진이비인후과 106호 (호성동1가)",전라북도 전주시 덕진구 호성동1가 828-14,35.8603996,127.1505771,84.36,2022-06-30
화랑약국,2003-09-20,영업중,063-274-5444,전라북도 전주시 덕진구 송천중앙로 157 (송천동1가),전라북도 전주시 덕진구 송천동1가 113-9,35.86094288,127.1210743,0,2022-06-30
화영약국,1979-02-17,영업중,063-288-3020,전라북도 전주시 완산구 장승배기로 290 (평화동1가),전라북도 전주시 완산구 평화동1가 434-23,35.79933878,127.1436688,0,2022-06-30
회생약국,1985-03-04,영업중,063-277-3152,전라북도 전주시 덕진구 송천중앙로 147 (송천동1가),전라북도 전주시 덕진구 송천동1가 480,35.86003062,127.120996,0,2022-06-30
효성약국,1994-07-12,영업중,063-286-7909,전라북도 전주시 완산구 백제대로 46 (삼천동1가),전라북도 전주시 완산구 삼천동1가 743-8,35.79896051,127.1297326,17.05,2022-06-30
효인약국,2012-04-03,영업중,063-288-8724,전라북도 전주시 완산구 서원로 355 (중화산동1가),전라북도 전주시 완산구 중화산동1가 306-7,35.81356096,127.1327008,174.9,2022-06-30
효자사랑약국,2016-11-01,영업중,063-237-0048,"전라북도 전주시 완산구 호암로 63, 104호 (효자동2가)",전라북도 전주시 완산구 효자동2가 1317-3,35.8093087,127.101543,54.9,2022-06-30
효자애플약국,2014-11-17,영업중,063-221-1412,전라북도 전주시 완산구 쑥고개로 317 (효자동2가),전라북도 전주시 완산구 효자동2가 1214-5,35.80255339,127.0999067,75.24,2022-06-30
효자우리약국,2012-07-20,영업중,063-236-2282,전라북도 전주시 완산구 우전로 225 (효자동2가),전라북도 전주시 완산구 효자동2가 1240-8,35.81443073,127.1014631,124.96,2022-06-30
효자조은약국,2014-08-18,영업중,063-223-1276,전라북도 전주시 완산구 효동2길 1 (효자동1가),전라북도 전주시 완산구 효자동1가 202-1,35.80585715,127.1281296,53.5,2022-06-30
효자종로약국,2018-08-27,영업중,063-224-8275,전라북도 전주시 완산구 용머리로 112 (효자동1가),전라북도 전주시 완산구 효자동1가 548-1,35.8057539,127.1223949,49,2022-06-30
효천큰약국,2021-02-26,영업중,,"전라북도 전주시 완산구 효천중앙로 55, 1층 104호 (효자동2가)",전라북도 전주시 완산구 효자동2가 1377-2,35.79895714,127.1078764,50.76,2022-06-30
휴베이스효천약국,2019-11-01,영업중,063-225-1728,"전라북도 전주시 완산구 천잠로 164, 1층 (효자동2가)",전라북도 전주시 완산구 효자동2가 1214-3,35.80241871,127.0993016,72.6,2022-06-30
휴약국,2019-03-15,영업중,,"전라북도 전주시 완산구 모악로 4665, 113호 (평화동2가)",전라북도 전주시 완산구 평화동2가 325-17,35.78617072,127.1292605,48.3,2022-06-30
휴플러스약국,2016-04-01,영업중,063-247-8770,"전라북도 전주시 덕진구 안덕원로 257 (인후동1가, 인후동성당)",전라북도 전주시 덕진구 인후동1가 768-8,35.83691859,127.1551551,66,2022-06-30
희망약국,2012-12-10,영업중,063-228-2490,전라북도 전주시 완산구 장승배기로 200 (평화동1가),전라북도 전주시 완산구 평화동1가 710-7,35.79602215,127.1347789,96.72,2022-06-30
힘-찬약국,2013-07-04,영업중,063-278-6100,전라북도 전주시 덕진구 기린대로 485 (덕진동1가),전라북도 전주시 덕진구 덕진동1가 1275-18,35.84263998,127.1247142,59.52,2022-06-30
